{
    "TP-base": 137,
    "TP-comp": 129,
    "FP": 28401,
    "FN": 33,
    "precision": 0.00452155625657203,
    "recall": 0.8058823529411765,
    "f1": 0.0089926574974431,
    "base cnt": 170,
    "comp cnt": 28530,
    "TP-comp_TP-gt": 1,
    "TP-comp_FP-gt": 128,
    "TP-base_TP-gt": 1,
    "TP-base_FP-gt": 136,
    "gt_concordance": 0.007751937984496124,
    "gt_matrix": {
        "(0, 1)": {
            "(0, 0)": 134,
            "(0, 1)": 1
        },
        "(1, 0)": {
            "(0, 0)": 2
        }
    }
}