{
    "TP-base": 140,
    "TP-comp": 124,
    "FP": 28406,
    "FN": 46,
    "precision": 0.0043463021381002455,
    "recall": 0.7526881720430108,
    "f1": 0.008642698114935937,
    "base cnt": 186,
    "comp cnt": 28530,
    "TP-comp_TP-gt": 1,
    "TP-comp_FP-gt": 123,
    "TP-base_TP-gt": 1,
    "TP-base_FP-gt": 139,
    "gt_concordance": 0.008064516129032258,
    "gt_matrix": {
        "(0, 1)": {
            "(0, 0)": 132,
            "(0, 1)": 1
        },
        "(0, 0, 1)": {
            "(0, 0)": 2
        },
        "(0, 0, 0, 1)": {
            "(0, 0)": 1
        },
        "(0, 0, 1, 0)": {
            "(0, 0)": 1
        },
        "(0, 1, 0)": {
            "(0, 0)": 1
        },
        "(1, 0)": {
            "(0, 0)": 2
        }
    }
}