{
    "TP-base": 144,
    "TP-comp": 126,
    "FP": 28404,
    "FN": 42,
    "precision": 0.004416403785488959,
    "recall": 0.7741935483870968,
    "f1": 0.008782706432809682,
    "base cnt": 186,
    "comp cnt": 28530,
    "TP-comp_TP-gt": 1,
    "TP-comp_FP-gt": 125,
    "TP-base_TP-gt": 1,
    "TP-base_FP-gt": 143,
    "gt_concordance": 0.007936507936507936,
    "gt_matrix": {
        "(0, 1)": {
            "(0, 0)": 132,
            "(0, 1)": 1
        },
        "(0, 0, 1)": {
            "(0, 0)": 3
        },
        "(0, 1, 0)": {
            "(0, 0)": 2
        },
        "(0, 0, 0, 1)": {
            "(0, 0)": 1
        },
        "(0, 0, 1, 0)": {
            "(0, 0)": 1
        },
        "(0, 1, 1)": {
            "(0, 0)": 2
        },
        "(1, 0)": {
            "(0, 0)": 2
        }
    }
}