{
    "TP-base": 147,
    "TP-comp": 128,
    "FP": 28402,
    "FN": 39,
    "precision": 0.004486505432877673,
    "recall": 0.7903225806451613,
    "f1": 0.008922360385402724,
    "base cnt": 186,
    "comp cnt": 28530,
    "TP-comp_TP-gt": 1,
    "TP-comp_FP-gt": 127,
    "TP-base_TP-gt": 1,
    "TP-base_FP-gt": 146,
    "gt_concordance": 0.0078125,
    "gt_matrix": {
        "(0, 1)": {
            "(0, 0)": 133,
            "(0, 1)": 1
        },
        "(0, 0, 1)": {
            "(0, 0)": 3
        },
        "(0, 1, 0)": {
            "(0, 0)": 2
        },
        "(0, 0, 0, 1)": {
            "(0, 0)": 1
        },
        "(0, 0, 1, 0)": {
            "(0, 0)": 1
        },
        "(0, 1, 1)": {
            "(0, 0)": 4
        },
        "(1, 0)": {
            "(0, 0)": 2
        }
    }
}