{
    "TP-base": 152,
    "TP-comp": 131,
    "FP": 29558,
    "FN": 43,
    "precision": 0.004412408636195224,
    "recall": 0.7794871794871795,
    "f1": 0.008775144201329448,
    "base cnt": 195,
    "comp cnt": 29689,
    "TP-comp_TP-gt": 1,
    "TP-comp_FP-gt": 130,
    "TP-base_TP-gt": 1,
    "TP-base_FP-gt": 151,
    "gt_concordance": 0.007633587786259542,
    "gt_matrix": {
        "(0, 1)": {
            "(0, 0)": 137,
            "(0, 1)": 1
        },
        "(0, 0, 1)": {
            "(0, 0)": 3
        },
        "(0, 1, 0)": {
            "(0, 0)": 2
        },
        "(0, 0, 0, 1)": {
            "(0, 0)": 2
        },
        "(0, 0, 1, 0)": {
            "(0, 0)": 1
        },
        "(0, 1, 1)": {
            "(0, 0)": 4
        },
        "(1, 0)": {
            "(0, 0)": 2
        }
    }
}