{
    "TP-base": 472,
    "TP-comp": 472,
    "FP": 29,
    "FN": 46,
    "precision": 0.9421157684630739,
    "recall": 0.9111969111969112,
    "f1": 0.9263984298331698,
    "base cnt": 518,
    "comp cnt": 501
}