{
    "TP-base": 387,
    "TP-comp": 387,
    "FP": 64,
    "FN": 182,
    "precision": 0.8580931263858093,
    "recall": 0.680140597539543,
    "f1": 0.7588235294117646,
    "base cnt": 569,
    "comp cnt": 451
}