{
    "TP-base": 10,
    "TP-comp": 10,
    "FP": 7,
    "FN": 8,
    "precision": 0.5882352941176471,
    "recall": 0.5555555555555556,
    "f1": 0.5714285714285715,
    "base cnt": 18,
    "comp cnt": 17,
    "TP-comp_TP-gt": 7,
    "TP-comp_FP-gt": 3,
    "TP-base_TP-gt": 7,
    "TP-base_FP-gt": 3,
    "gt_concordance": 0.7,
    "gt_matrix": {
        "(1, 1)": {
            "(1, 0)": 1,
            "(1, 1)": 2
        },
        "(0, 1)": {
            "(0, 1)": 2,
            "(1, 1)": 2,
            "(1, 0)": 1
        },
        "(1, 0)": {
            "(1, 0)": 2
        }
    }
}