{
    "TP-base": 10,
    "TP-comp": 10,
    "FP": 7,
    "FN": 6,
    "precision": 0.5882352941176471,
    "recall": 0.625,
    "f1": 0.6060606060606061,
    "base cnt": 16,
    "comp cnt": 17,
    "TP-comp_TP-gt": 7,
    "TP-comp_FP-gt": 3,
    "TP-base_TP-gt": 7,
    "TP-base_FP-gt": 3,
    "gt_concordance": 0.7,
    "gt_matrix": {
        "(1, 1)": {
            "(1, 0)": 1,
            "(1, 1)": 2
        },
        "(0, 1)": {
            "(0, 1)": 2,
            "(1, 1)": 2,
            "(1, 0)": 1
        },
        "(1, 0)": {
            "(1, 0)": 2
        }
    },
    "weighted": {
        "sequence": {
            "TP": 15.669700011610985,
            "FP": 2.477899968624115,
            "FN": 2.0650000125169754,
            "precision": 0.8634585305317043,
            "recall": 0.8835616046672594,
            "f1": 0.8733944039097633,
            "total": 19
        },
        "size": {
            "TP": 14.242200031876564,
            "FP": 3.953399956226349,
            "FN": 3.3116999715566635,
            "precision": 0.7827276946728189,
            "recall": 0.8113410711631629,
            "f1": 0.7967775792807436,
            "total": 19
        }
    }
}