{
    "TP-base": 247,
    "TP-comp": 247,
    "FP": 2,
    "FN": 1,
    "precision": 0.9919678714859438,
    "recall": 0.9959677419354839,
    "f1": 0.993963782696177,
    "base cnt": 248,
    "comp cnt": 249,
    "TP-comp_TP-gt": 247,
    "TP-comp_FP-gt": 0,
    "TP-base_TP-gt": 247,
    "TP-base_FP-gt": 0,
    "gt_concordance": 1.0,
    "gt_matrix": {
        "(0, 1)": {
            "(1, 0)": 102
        },
        "(1, 0)": {
            "(0, 1)": 107
        },
        "(1, 1)": {
            "(1, 1)": 38
        }
    }
}