{
    "TP-base": 111,
    "TP-comp": 111,
    "FP": 20,
    "FN": 31,
    "precision": 0.8473282442748091,
    "recall": 0.7816901408450704,
    "f1": 0.8131868131868132,
    "base cnt": 142,
    "comp cnt": 131,
    "TP-comp_TP-gt": 106,
    "TP-comp_FP-gt": 5,
    "TP-base_TP-gt": 106,
    "TP-base_FP-gt": 5,
    "gt_concordance": 0.954954954954955,
    "gt_matrix": {
        "(0, 1)": {
            "(1, 0)": 42
        },
        "(1, 0)": {
            "(0, 1)": 50,
            "(1, 1)": 1,
            "(1, 0)": 1
        },
        "(1, 1)": {
            "(1, 0)": 3,
            "(1, 1)": 13,
            "(0, 1)": 1
        }
    }
}