{
    "TP-base": 112,
    "TP-call": 112,
    "FP": 30,
    "FN": 41,
    "precision": 0.7887323943661971,
    "recall": 0.7320261437908496,
    "f1": 0.759322033898305,
    "base cnt": 153,
    "call cnt": 142,
    "TP-call_TP-gt": 102,
    "TP-call_FP-gt": 10,
    "TP-base_TP-gt": 102,
    "TP-base_FP-gt": 10,
    "gt_concordance": 0.9107142857142857,
    "gt_matrix": {
        "(0, 1)": {
            "(1, 0)": 44,
            "(1, 1)": 1
        },
        "(1, 0)": {
            "(0, 1)": 50,
            "(1, 1)": 3,
            "(1, 0)": 2
        },
        "(1, 1)": {
            "(1, 1)": 6,
            "(1, 0)": 5,
            "(0, 1)": 1
        }
    }
}