{
    "TP-base": 264,
    "TP-comp": 264,
    "FP": 2,
    "FN": 1,
    "precision": 0.9924812030075187,
    "recall": 0.9962264150943396,
    "f1": 0.9943502824858758,
    "base cnt": 265,
    "comp cnt": 266,
    "TP-comp_TP-gt": 264,
    "TP-comp_FP-gt": 0,
    "TP-base_TP-gt": 264,
    "TP-base_FP-gt": 0,
    "gt_concordance": 1.0,
    "gt_matrix": {
        "(0, 1)": {
            "(1, 0)": 109
        },
        "(1, 0)": {
            "(0, 1)": 111
        },
        "(1, 1)": {
            "(1, 1)": 44
        }
    }
}