{
    "TP-base": 178,
    "TP-call": 178,
    "FP": 6,
    "FN": 4,
    "precision": 0.967391304347826,
    "recall": 0.978021978021978,
    "f1": 0.9726775956284153,
    "base cnt": 182,
    "call cnt": 184,
    "TP-call_TP-gt": 177,
    "TP-call_FP-gt": 1,
    "TP-base_TP-gt": 177,
    "TP-base_FP-gt": 1,
    "gt_concordance": 0.9943820224719101,
    "gt_matrix": {
        "(1, 0)": {
            "(0, 1)": 83
        },
        "(0, 1)": {
            "(1, 0)": 77,
            "(1, 1)": 1
        },
        "(1, 1)": {
            "(1, 1)": 17
        }
    }
}