{
    "TP-base": 109,
    "TP-comp": 109,
    "FP": 18,
    "FN": 28,
    "precision": 0.8582677165354331,
    "recall": 0.7956204379562044,
    "f1": 0.8257575757575758,
    "base cnt": 137,
    "comp cnt": 127,
    "TP-comp_TP-gt": 104,
    "TP-comp_FP-gt": 5,
    "TP-base_TP-gt": 104,
    "TP-base_FP-gt": 5,
    "gt_concordance": 0.9541284403669725,
    "gt_matrix": {
        "(0, 1)": {
            "(1, 0)": 40
        },
        "(1, 0)": {
            "(0, 1)": 50,
            "(1, 1)": 1,
            "(1, 0)": 1
        },
        "(1, 1)": {
            "(1, 0)": 3,
            "(1, 1)": 13,
            "(0, 1)": 1
        }
    }
}