{
    "TP-base": 206,
    "TP-comp": 206,
    "FP": 2,
    "FN": 1,
    "precision": 0.9903846153846154,
    "recall": 0.9951690821256038,
    "f1": 0.9927710843373494,
    "base cnt": 207,
    "comp cnt": 208,
    "TP-comp_TP-gt": 206,
    "TP-comp_FP-gt": 0,
    "TP-base_TP-gt": 206,
    "TP-base_FP-gt": 0,
    "gt_concordance": 1.0,
    "gt_matrix": {
        "(0, 1)": {
            "(1, 0)": 84
        },
        "(1, 0)": {
            "(0, 1)": 98
        },
        "(1, 1)": {
            "(1, 1)": 24
        }
    }
}