{
    "TP-base": 263,
    "TP-comp": 263,
    "FP": 2,
    "FN": 1,
    "precision": 0.9924528301886792,
    "recall": 0.9962121212121212,
    "f1": 0.9943289224952742,
    "base cnt": 264,
    "comp cnt": 265,
    "TP-comp_TP-gt": 263,
    "TP-comp_FP-gt": 0,
    "TP-base_TP-gt": 263,
    "TP-base_FP-gt": 0,
    "gt_concordance": 1.0,
    "gt_matrix": {
        "(0, 1)": {
            "(1, 0)": 106
        },
        "(1, 0)": {
            "(0, 1)": 112
        },
        "(1, 1)": {
            "(1, 1)": 45
        }
    },
    "weighted": {
        "sequence": {
            "TP": 262.9908000230789,
            "FP": 2.0091999769210815,
            "FN": 1.0091999769210815,
            "precision": 0.9924181132946375,
            "recall": 0.9961772728146929,
            "f1": 0.9942941399738333,
            "total": 266
        },
        "size": {
            "TP": 263.0,
            "FP": 2.0,
            "FN": 1.0,
            "precision": 0.9924528301886792,
            "recall": 0.9962121212121212,
            "f1": 0.9943289224952742,
            "total": 266
        }
    }
}