{
    "TP-base": 80,
    "TP-comp": 80,
    "FP": 88,
    "FN": 55,
    "precision": 0.47619047619047616,
    "recall": 0.5925925925925926,
    "f1": 0.528052805280528,
    "base cnt": 135,
    "comp cnt": 168,
    "TP-comp_TP-gt": 64,
    "TP-comp_FP-gt": 16,
    "TP-base_TP-gt": 64,
    "TP-base_FP-gt": 16,
    "gt_concordance": 0.8,
    "gt_matrix": {
        "(0, 1)": {
            "(0, 1)": 59,
            "(0, 0)": 15,
            "(1, 1)": 1
        },
        "(1, 0)": {
            "(0, 1)": 3
        },
        "(0, 0, 1)": {
            "(0, 1)": 2
        }
    }
}