{
    "TP-base": 89,
    "TP-comp": 89,
    "FP": 81,
    "FN": 24,
    "precision": 0.5235294117647059,
    "recall": 0.7876106194690266,
    "f1": 0.6289752650176679,
    "base cnt": 113,
    "comp cnt": 170,
    "TP-comp_TP-gt": 54,
    "TP-comp_FP-gt": 35,
    "TP-base_TP-gt": 54,
    "TP-base_FP-gt": 35,
    "gt_concordance": 0.6067415730337079,
    "gt_matrix": {
        "None": {
            "None": 18
        },
        "(0, 1)": {
            "(0, 1)": 54,
            "(0, 0)": 16,
            "(1, 1)": 1
        }
    }
}