{
    "TP-base": 119,
    "TP-comp": 119,
    "FP": 102,
    "FN": 67,
    "precision": 0.5384615384615384,
    "recall": 0.6397849462365591,
    "f1": 0.5847665847665847,
    "base cnt": 186,
    "comp cnt": 221,
    "TP-comp_TP-gt": 99,
    "TP-comp_FP-gt": 20,
    "TP-base_TP-gt": 99,
    "TP-base_FP-gt": 20,
    "gt_concordance": 0.8319327731092437,
    "gt_matrix": {
        "(0, 1)": {
            "(0, 1)": 94,
            "(0, 0)": 19,
            "(1, 1)": 1
        },
        "(1, 0)": {
            "(0, 1)": 3
        },
        "(0, 0, 1)": {
            "(0, 1)": 2
        }
    }
}