{
    "TP-base": 120,
    "TP-comp": 120,
    "FP": 123,
    "FN": 75,
    "precision": 0.49382716049382713,
    "recall": 0.6153846153846154,
    "f1": 0.547945205479452,
    "base cnt": 195,
    "comp cnt": 243,
    "TP-comp_TP-gt": 100,
    "TP-comp_FP-gt": 20,
    "TP-base_TP-gt": 100,
    "TP-base_FP-gt": 20,
    "gt_concordance": 0.8333333333333334,
    "gt_matrix": {
        "(0, 1)": {
            "(0, 1)": 95,
            "(0, 0)": 19,
            "(1, 1)": 1
        },
        "(1, 0)": {
            "(0, 1)": 3
        },
        "(0, 0, 1)": {
            "(0, 1)": 2
        }
    }
}