{
    "TP-base": 85,
    "TP-comp": 85,
    "FP": 81,
    "FN": 28,
    "precision": 0.5120481927710844,
    "recall": 0.7522123893805309,
    "f1": 0.6093189964157706,
    "base cnt": 113,
    "comp cnt": 166,
    "TP-comp_TP-gt": 68,
    "TP-comp_FP-gt": 17,
    "TP-base_TP-gt": 68,
    "TP-base_FP-gt": 17,
    "gt_concordance": 0.8,
    "gt_matrix": {
        "(0, 1)": {
            "(0, 1)": 65,
            "(0, 0)": 16,
            "(1, 1)": 1
        },
        "(1, 0)": {
            "(0, 1)": 3
        }
    }
}