{
    "TP-base": 7,
    "TP-comp": 8,
    "FP": 9,
    "FN": 4,
    "precision": 0.47058823529411764,
    "recall": 0.6363636363636364,
    "f1": 0.5410628019323671,
    "base cnt": 11,
    "comp cnt": 17,
    "TP-comp_TP-gt": 3,
    "TP-comp_FP-gt": 5,
    "TP-base_TP-gt": 3,
    "TP-base_FP-gt": 4,
    "gt_concordance": 0.375,
    "gt_matrix": {
        "(1, 1)": {
            "(0, 1)": 2,
            "(1, 1)": 2
        },
        "(1, 0)": {
            "(1, 1)": 2,
            "(1, 0)": 1
        }
    },
    "weighted": {
        "sequence": {
            "TP": 22.316199958324432,
            "FP": 4.68560004234314,
            "FN": 0.998199999332428,
            "precision": 0.8264708263068649,
            "recall": 0.9571852588466639,
            "f1": 0.8870383684303801,
            "total": 28
        },
        "size": {
            "TP": 19.486500069499016,
            "FP": 6.642999961972237,
            "FN": 1.8704999685287476,
            "precision": 0.7457662812540927,
            "recall": 0.9124174759939045,
            "f1": 0.8207174687955308,
            "total": 28
        }
    }
}