{
    "TP": 199,
    "TN": 13,
    "FP": 11,
    "FN": 2,
    "base P": 202,
    "base N": 22,
    "comp P": 210,
    "comp N": 14,
    "PPV": 0.9476190476190476,
    "TPR": 0.9851485148514851,
    "TNR": 0.5909090909090909,
    "NPV": 0.9285714285714286,
    "ACC": 0.9464285714285714,
    "BA": 0.788028802880288,
    "F1": 0.9660194174757282,
    "UND": 0
}