{
    "PPV": 0.8920454545454546,
    "TPR": 0.7733990147783252,
    "TNR": 0.32142857142857145,
    "NPV": 0.16363636363636364,
    "ACC": 0.7186147186147186
}