{
    "TP-base": 594,
    "TP-comp": 594,
    "FP": 15,
    "FN": 2,
    "precision": 0.9753694581280788,
    "recall": 0.9966442953020134,
    "f1": 0.9858921161825727,
    "base cnt": 596,
    "comp cnt": 609
}