{
    "TP": 195,
    "TN": 17,
    "FP": 11,
    "FN": 2,
    "base P": 199,
    "base N": 26,
    "comp P": 208,
    "comp N": 17,
    "PPV": 0.9375,
    "TPR": 0.9798994974874372,
    "TNR": 0.6538461538461539,
    "NPV": 1.0,
    "ACC": 0.9422222222222222,
    "BA": 0.8168728256667955,
    "F1": 0.9582309582309583,
    "UND": 0
}