{
    "TP": 197,
    "TN": 15,
    "FP": 11,
    "FN": 2,
    "base P": 201,
    "base N": 24,
    "comp P": 210,
    "comp N": 15,
    "PPV": 0.9380952380952381,
    "TPR": 0.9800995024875622,
    "TNR": 0.625,
    "NPV": 1.0,
    "ACC": 0.9422222222222222,
    "BA": 0.8025497512437811,
    "F1": 0.9586374695863747,
    "UND": 0
}