{
    "TP-base": 555,
    "TP-comp": 555,
    "FP": 20,
    "FN": 2,
    "precision": 0.9652173913043478,
    "recall": 0.9964093357271095,
    "f1": 0.980565371024735,
    "base cnt": 557,
    "comp cnt": 575
}