{
    "TP-base": 591,
    "TP-comp": 591,
    "FP": 18,
    "FN": 3,
    "precision": 0.9704433497536946,
    "recall": 0.9949494949494949,
    "f1": 0.9825436408977556,
    "base cnt": 594,
    "comp cnt": 609
}