{
    "TP": 194,
    "TN": 15,
    "FP": 13,
    "FN": 3,
    "base P": 201,
    "base N": 24,
    "comp P": 210,
    "comp N": 15,
    "PPV": 0.9238095238095239,
    "TPR": 0.9651741293532339,
    "TNR": 0.625,
    "NPV": 1.0,
    "ACC": 0.9288888888888889,
    "BA": 0.7950870646766169,
    "F1": 0.9440389294403894,
    "UND": 0
}