{
    "TP-base": 593,
    "TP-comp": 593,
    "FP": 15,
    "FN": 2,
    "precision": 0.975328947368421,
    "recall": 0.9966386554621849,
    "f1": 0.9858686616791356,
    "base cnt": 595,
    "comp cnt": 608
}