{
    "TP-base": 596,
    "TP-comp": 596,
    "FP": 16,
    "FN": 2,
    "precision": 0.9738562091503268,
    "recall": 0.9966555183946488,
    "f1": 0.9851239669421488,
    "base cnt": 598,
    "comp cnt": 612,
    "TP-comp_TP-gt": 0,
    "TP-comp_FP-gt": 0,
    "TP-base_TP-gt": 0,
    "TP-base_FP-gt": 0,
    "gt_concordance": 0,
    "gt_matrix": {}
}