{
    "TP-base": 588,
    "TP-comp": 588,
    "FP": 28,
    "FN": 73,
    "precision": 0.9545454545454546,
    "recall": 0.8895612708018155,
    "f1": 0.9209083790133125,
    "base cnt": 661,
    "comp cnt": 616,
    "TP-comp_TP-gt": 0,
    "TP-comp_FP-gt": 0,
    "TP-base_TP-gt": 0,
    "TP-base_FP-gt": 0,
    "gt_concordance": 0,
    "gt_matrix": {}
}