{
    "TP-base": 592,
    "TP-comp": 592,
    "FP": 15,
    "FN": 2,
    "precision": 0.9752883031301482,
    "recall": 0.9966329966329966,
    "f1": 0.9858451290591174,
    "base cnt": 594,
    "comp cnt": 607,
    "TP-comp_TP-gt": 0,
    "TP-comp_FP-gt": 0,
    "TP-base_TP-gt": 0,
    "TP-base_FP-gt": 0,
    "gt_concordance": 0,
    "gt_matrix": {}
}