{
    "TP-base": 585,
    "TP-comp": 585,
    "FP": 25,
    "FN": 73,
    "precision": 0.9590163934426229,
    "recall": 0.8890577507598785,
    "f1": 0.9227129337539433,
    "base cnt": 658,
    "comp cnt": 610,
    "TP-comp_TP-gt": 0,
    "TP-comp_FP-gt": 0,
    "TP-base_TP-gt": 0,
    "TP-base_FP-gt": 0,
    "gt_concordance": 0,
    "gt_matrix": {}
}