{
    "TP": 199,
    "TN": 14,
    "FP": 10,
    "FN": 2,
    "base P": 202,
    "base N": 23,
    "comp P": 210,
    "comp N": 15,
    "PPV": 0.9476190476190476,
    "TPR": 0.9851485148514851,
    "TNR": 0.6086956521739131,
    "NPV": 0.9333333333333333,
    "ACC": 0.9466666666666667,
    "BA": 0.7969220835126991,
    "F1": 0.9660194174757282,
    "UND": 0
}