{
    "TP": 154,
    "TN": 15,
    "FP": 16,
    "FN": 46,
    "base P": 203,
    "base N": 25,
    "comp P": 212,
    "comp N": 16,
    "PPV": 0.7264150943396226,
    "TPR": 0.7586206896551724,
    "TNR": 0.6,
    "NPV": 0.9375,
    "ACC": 0.7412280701754386,
    "BA": 0.6793103448275861,
    "F1": 0.7421686746987951,
    "UND": 0
}