{
    "TP-base": 596,
    "TP-comp": 596,
    "FP": 15,
    "FN": 2,
    "precision": 0.9754500818330606,
    "recall": 0.9966555183946488,
    "f1": 0.9859387923904054,
    "base cnt": 598,
    "comp cnt": 611,
    "TP-comp_TP-gt": 0,
    "TP-comp_FP-gt": 0,
    "TP-base_TP-gt": 0,
    "TP-base_FP-gt": 0,
    "gt_concordance": 0,
    "gt_matrix": {}
}