{
    "TP": 157,
    "TN": 9,
    "FP": 19,
    "FN": 46,
    "condition P": 203,
    "condition N": 28,
    "test P": 176,
    "test N": 55,
    "UND": 0,
    "PPV": 0.8920454545454546,
    "TPR": 0.7733990147783252,
    "TNR": 0.32142857142857145,
    "NPV": 0.16363636363636364,
    "ACC": 0.7186147186147186,
    "BA": 0.5474137931034483,
    "F1": 0.8284960422163589
}