{
    "TP-base": 387,
    "TP-comp": 387,
    "FP": 66,
    "FN": 201,
    "precision": 0.8543046357615894,
    "recall": 0.6581632653061225,
    "f1": 0.7435158501440922,
    "base cnt": 588,
    "comp cnt": 453,
    "TP-comp_TP-gt": 382,
    "TP-comp_FP-gt": 5,
    "TP-base_TP-gt": 382,
    "TP-base_FP-gt": 5,
    "gt_concordance": 0.9870801033591732,
    "gt_matrix": {
        "(1, 0)": {
            "(0, 1)": 202,
            "(1, 0)": 14,
            "(1, 1)": 1
        },
        "(0, 1)": {
            "(1, 0)": 145,
            "(0, 1)": 12
        },
        "(1, 1)": {
            "(1, 1)": 9,
            "(1, 0)": 2,
            "(0, 1)": 2
        }
    }
}