{
    "TP-base": 387,
    "TP-comp": 387,
    "FP": 64,
    "FN": 200,
    "precision": 0.8580931263858093,
    "recall": 0.6592844974446337,
    "f1": 0.745664739884393,
    "base cnt": 587,
    "comp cnt": 451,
    "TP-comp_TP-gt": 382,
    "TP-comp_FP-gt": 5,
    "TP-base_TP-gt": 382,
    "TP-base_FP-gt": 5,
    "gt_concordance": 0.9870801033591732,
    "gt_matrix": {
        "(1, 0)": {
            "(0, 1)": 202,
            "(1, 0)": 14,
            "(1, 1)": 1
        },
        "(0, 1)": {
            "(1, 0)": 145,
            "(0, 1)": 12
        },
        "(1, 1)": {
            "(1, 1)": 9,
            "(1, 0)": 2,
            "(0, 1)": 2
        }
    }
}