{
    "TP-base": 150,
    "TP-comp": 150,
    "FP": 25,
    "FN": 44,
    "precision": 0.8571428571428571,
    "recall": 0.7731958762886598,
    "f1": 0.8130081300813008,
    "base cnt": 194,
    "comp cnt": 175,
    "TP-comp_TP-gt": 143,
    "TP-comp_FP-gt": 7,
    "TP-base_TP-gt": 143,
    "TP-base_FP-gt": 7,
    "gt_concordance": 0.9533333333333334,
    "gt_matrix": {
        "(1, 1)": {
            "(0, 1)": 4,
            "(1, 0)": 3,
            "(1, 1)": 14
        },
        "(0, 1)": {
            "(1, 0)": 50,
            "(0, 1)": 1
        },
        "(1, 0)": {
            "(0, 1)": 78
        }
    }
}