{
    "TP-base": 137,
    "TP-comp": 137,
    "FP": 28,
    "FN": 43,
    "precision": 0.8303030303030303,
    "recall": 0.7611111111111111,
    "f1": 0.7942028985507247,
    "base cnt": 180,
    "comp cnt": 165,
    "TP-comp_TP-gt": 133,
    "TP-comp_FP-gt": 4,
    "TP-base_TP-gt": 133,
    "TP-base_FP-gt": 4,
    "gt_concordance": 0.9708029197080292,
    "gt_matrix": {
        "(1, 1)": {
            "(0, 1)": 2,
            "(1, 1)": 14,
            "(1, 0)": 2
        },
        "(1, 0)": {
            "(0, 1)": 58
        },
        "(0, 1)": {
            "(1, 0)": 58,
            "(0, 1)": 3
        }
    }
}