{
    "TP-base": 94,
    "TP-comp": 94,
    "FP": 21,
    "FN": 42,
    "precision": 0.8173913043478261,
    "recall": 0.6911764705882353,
    "f1": 0.7490039840637451,
    "base cnt": 136,
    "comp cnt": 115,
    "TP-comp_TP-gt": 92,
    "TP-comp_FP-gt": 2,
    "TP-base_TP-gt": 92,
    "TP-base_FP-gt": 2,
    "gt_concordance": 0.9787234042553191,
    "gt_matrix": {
        "(1, 1)": {
            "(0, 1)": 1,
            "(1, 1)": 12
        },
        "(1, 0)": {
            "(0, 1)": 42,
            "(1, 1)": 1
        },
        "(0, 1)": {
            "(1, 0)": 35,
            "(0, 1)": 3
        }
    },
    "weighted": {
        "sequence": {
            "TP": 121.03439995925874,
            "FP": 9.64990008994937,
            "FN": 16.475100067444146,
            "precision": 0.9261586886388359,
            "recall": 0.8801893682673207,
            "f1": 0.9025890973244014,
            "total": 139
        },
        "size": {
            "TP": 117.65679998137057,
            "FP": 11.260100107640028,
            "FN": 19.819400003179908,
            "precision": 0.9126561366285918,
            "recall": 0.855833955219833,
            "f1": 0.8833321880249987,
            "total": 139
        }
    }
}