{
    "TP-base": 227,
    "TP-comp": 227,
    "FP": 33,
    "FN": 63,
    "precision": 0.8730769230769231,
    "recall": 0.7827586206896552,
    "f1": 0.8254545454545456,
    "base cnt": 290,
    "comp cnt": 260,
    "TP-comp_TP-gt": 216,
    "TP-comp_FP-gt": 11,
    "TP-base_TP-gt": 216,
    "TP-base_FP-gt": 11,
    "gt_concordance": 0.9515418502202643,
    "gt_matrix": {
        "(1, 0)": {
            "(0, 1)": 105
        },
        "(0, 1)": {
            "(1, 0)": 86,
            "(1, 1)": 2,
            "(0, 1)": 4
        },
        "(1, 1)": {
            "(0, 1)": 7,
            "(1, 1)": 21,
            "(1, 0)": 2
        }
    }
}