{
    "TP-base": 237,
    "TP-comp": 237,
    "FP": 15,
    "FN": 45,
    "precision": 0.9404761904761905,
    "recall": 0.8404255319148937,
    "f1": 0.8876404494382023,
    "base cnt": 282,
    "comp cnt": 252,
    "TP-comp_TP-gt": 221,
    "TP-comp_FP-gt": 16,
    "TP-base_TP-gt": 221,
    "TP-base_FP-gt": 16,
    "gt_concordance": 0.9324894514767933,
    "gt_matrix": {
        "(0, 1)": {
            "(1, 0)": 85,
            "(1, 1)": 2
        },
        "(1, 0)": {
            "(0, 1)": 123
        },
        "(1, 1)": {
            "(1, 0)": 4,
            "(1, 1)": 13,
            "(0, 1)": 10
        }
    }
}