{
    "TP-base": 94,
    "TP-comp": 94,
    "FP": 21,
    "FN": 42,
    "precision": 0.8173913043478261,
    "recall": 0.6911764705882353,
    "f1": 0.7490039840637451,
    "base cnt": 136,
    "comp cnt": 115,
    "TP-comp_TP-gt": 92,
    "TP-comp_FP-gt": 2,
    "TP-base_TP-gt": 92,
    "TP-base_FP-gt": 2,
    "gt_concordance": 0.9787234042553191,
    "gt_matrix": {
        "(1, 1)": {
            "(0, 1)": 1,
            "(1, 1)": 12
        },
        "(1, 0)": {
            "(0, 1)": 42,
            "(1, 1)": 1
        },
        "(0, 1)": {
            "(1, 0)": 35,
            "(0, 1)": 3
        }
    },
    "weighted": {
        "sequence": {
            "TP": 121.41469976585358,
            "FP": 9.313800107687712,
            "FN": 16.106600251980126,
            "precision": 0.9287546318002784,
            "recall": 0.8828792321633708,
            "f1": 0.9052360882656332,
            "total": 139
        },
        "size": {
            "TP": 117.62869990803301,
            "FP": 11.260100107640028,
            "FN": 19.847500076517463,
            "precision": 0.9126370940976192,
            "recall": 0.8556295556703785,
            "f1": 0.8832143855831983,
            "total": 139
        }
    }
}