{
    "TP-base": 138,
    "TP-comp": 138,
    "FP": 29,
    "FN": 41,
    "precision": 0.8263473053892215,
    "recall": 0.770949720670391,
    "f1": 0.7976878612716763,
    "base cnt": 179,
    "comp cnt": 167,
    "TP-comp_TP-gt": 134,
    "TP-comp_FP-gt": 4,
    "TP-base_TP-gt": 134,
    "TP-base_FP-gt": 4,
    "gt_concordance": 0.9710144927536232,
    "gt_matrix": {
        "(1, 1)": {
            "(0, 1)": 2,
            "(1, 1)": 14,
            "(1, 0)": 2
        },
        "(1, 0)": {
            "(0, 1)": 60
        },
        "(0, 1)": {
            "(1, 0)": 56,
            "(0, 1)": 4
        }
    }
}