{
    "TP-base": 6,
    "TP-comp": 6,
    "FP": 4,
    "FN": 4,
    "precision": 0.6,
    "recall": 0.6,
    "f1": 0.6,
    "base cnt": 10,
    "comp cnt": 10,
    "TP-comp_TP-gt": 4,
    "TP-comp_FP-gt": 2,
    "TP-base_TP-gt": 4,
    "TP-base_FP-gt": 2,
    "gt_concordance": 0.6666666666666666,
    "gt_matrix": {
        "(1, 1)": {
            "(1, 0)": 1,
            "(1, 1)": 2
        },
        "(0, 1)": {
            "(1, 1)": 1,
            "(1, 0)": 1
        },
        "(1, 0)": {
            "(1, 0)": 1
        }
    },
    "weighted": {
        "sequence": {
            "TP": 10.379399999976158,
            "FP": 0.7681999802589417,
            "FN": 1.355300024151802,
            "precision": 0.9310883076517839,
            "recall": 0.8845049280028342,
            "f1": 0.9071990139100594,
            "total": 12
        },
        "size": {
            "TP": 9.563300028443336,
            "FP": 1.6322999596595764,
            "FN": 1.990599974989891,
            "precision": 0.8542016540967744,
            "recall": 0.827711857087357,
            "f1": 0.840748151124317,
            "total": 12
        }
    }
}