{
    "TP-base": 5,
    "TP-comp": 5,
    "FP": 4,
    "FN": 7,
    "precision": 0.5555555555555556,
    "recall": 0.4166666666666667,
    "f1": 0.4761904761904762,
    "base cnt": 12,
    "comp cnt": 9,
    "TP-comp_TP-gt": 3,
    "TP-comp_FP-gt": 2,
    "TP-base_TP-gt": 3,
    "TP-base_FP-gt": 2,
    "gt_concordance": 0.6,
    "gt_matrix": {
        "(1, 1)": {
            "(1, 0)": 1,
            "(1, 1)": 2
        },
        "(0, 1)": {
            "(1, 1)": 1,
            "(1, 0)": 1
        }
    }
}