{
    "TP-base": 5,
    "TP-comp": 5,
    "FP": 4,
    "FN": 5,
    "precision": 0.5555555555555556,
    "recall": 0.5,
    "f1": 0.5263157894736842,
    "base cnt": 10,
    "comp cnt": 9,
    "TP-comp_TP-gt": 3,
    "TP-comp_FP-gt": 2,
    "TP-base_TP-gt": 3,
    "TP-base_FP-gt": 2,
    "gt_concordance": 0.6,
    "gt_matrix": {
        "(1, 1)": {
            "(1, 0)": 1,
            "(1, 1)": 2
        },
        "(0, 1)": {
            "(1, 1)": 1,
            "(1, 0)": 1
        }
    },
    "weighted": {
        "sequence": {
            "TP": 9.374599993228912,
            "FP": 0.6209999918937683,
            "FN": 1.6216000318527222,
            "precision": 0.9378726646906582,
            "recall": 0.8525308717416966,
            "f1": 0.8931678073030258,
            "total": 11
        },
        "size": {
            "TP": 8.588199973106384,
            "FP": 1.4074000120162964,
            "FN": 2.4118000268936157,
            "precision": 0.8591980457290156,
            "recall": 0.7807454521005804,
            "f1": 0.8180952179687093,
            "total": 11
        }
    }
}