{
    "TP-base": 9,
    "TP-comp": 8,
    "FP": 3,
    "FN": 7,
    "precision": 0.7272727272727273,
    "recall": 0.5625,
    "f1": 0.6343612334801763,
    "base cnt": 16,
    "comp cnt": 11,
    "TP-comp_TP-gt": 4,
    "TP-comp_FP-gt": 4,
    "TP-base_TP-gt": 4,
    "TP-base_FP-gt": 5,
    "gt_concordance": 0.5,
    "gt_matrix": {
        "(1, 1)": {
            "(1, 1)": 2,
            "(1, 0)": 1,
            "(0, 1)": 1
        },
        "(0, 1)": {
            "(1, 1)": 2,
            "(0, 1)": 1,
            "(1, 0)": 1
        },
        "(1, 0)": {
            "(1, 1)": 1
        }
    },
    "weighted": {
        "sequence": {
            "TP": 12.533399924635887,
            "FP": 1.6414000391960144,
            "FN": 4.268600061535835,
            "precision": 0.8842029486564768,
            "recall": 0.7459469072105135,
            "f1": 0.8092120519139951,
            "total": 18
        },
        "size": {
            "TP": 10.914199993014336,
            "FP": 2.0859000086784363,
            "FN": 5.752500012516975,
            "precision": 0.8395473874503406,
            "recall": 0.6548506896621499,
            "f1": 0.7357854564939021,
            "total": 18
        }
    }
}