{
    "PPV": 0.7959183673469388,
    "TPR": 0.6554621848739496,
    "TNR": 0.13043478260869565,
    "NPV": 0.06818181818181818,
    "ACC": 0.5704225352112676
}