{
    "TP": 78,
    "TN": 3,
    "FP": 20,
    "FN": 41,
    "condition P": 119,
    "condition N": 23,
    "test P": 98,
    "test N": 44,
    "UND": 0,
    "PPV": 0.7959183673469388,
    "TPR": 0.6554621848739496,
    "TNR": 0.13043478260869565,
    "NPV": 0.06818181818181818,
    "ACC": 0.5704225352112676,
    "BA": 0.39294848374132263,
    "F1": 0.7188940092165899
}