{
    "TP-base": 406,
    "TP-comp": 406,
    "FP": 10,
    "FN": 1,
    "precision": 0.9759615384615384,
    "recall": 0.9975429975429976,
    "f1": 0.9866342648845686,
    "base cnt": 407,
    "comp cnt": 416
}