{
    "TP": 121,
    "TN": 2,
    "FP": 5,
    "FN": 1,
    "base P": 122,
    "base N": 7,
    "comp P": 126,
    "comp N": 3,
    "PPV": 0.9603174603174603,
    "TPR": 0.9918032786885246,
    "TNR": 0.2857142857142857,
    "NPV": 0.6666666666666666,
    "ACC": 0.9534883720930233,
    "BA": 0.6387587822014051,
    "F1": 0.9758064516129032,
    "UND": 0
}