{
    "TP": 78,
    "TN": 3,
    "FP": 20,
    "FN": 41,
    "base P": 122,
    "base N": 8,
    "comp P": 126,
    "comp N": 4,
    "PPV": 0.6190476190476191,
    "TPR": 0.639344262295082,
    "TNR": 0.375,
    "NPV": 0.75,
    "ACC": 0.6230769230769231,
    "BA": 0.507172131147541,
    "F1": 0.6290322580645161,
    "UND": 0
}