{
    "TP-base": 322,
    "TP-comp": 322,
    "FP": 32,
    "FN": 65,
    "precision": 0.9096045197740112,
    "recall": 0.8320413436692506,
    "f1": 0.8690958164642375,
    "base cnt": 387,
    "comp cnt": 354,
    "TP-comp_TP-gt": 0,
    "TP-comp_FP-gt": 0,
    "TP-base_TP-gt": 0,
    "TP-base_FP-gt": 0,
    "gt_concordance": 0,
    "gt_matrix": {}
}