{
    "TP": 118,
    "TN": 3,
    "FP": 7,
    "FN": 1,
    "base P": 121,
    "base N": 8,
    "comp P": 126,
    "comp N": 3,
    "PPV": 0.9365079365079365,
    "TPR": 0.9752066115702479,
    "TNR": 0.375,
    "NPV": 1.0,
    "ACC": 0.937984496124031,
    "BA": 0.6751033057851239,
    "F1": 0.9554655870445344,
    "UND": 0
}