{
    "TP-base": 325,
    "TP-call": 325,
    "FP": 41,
    "FN": 79,
    "precision": 0.8879781420765027,
    "recall": 0.8044554455445545,
    "f1": 0.8441558441558442,
    "base cnt": 404,
    "call cnt": 366,
    "TP-call_TP-gt": 0,
    "TP-call_FP-gt": 0,
    "TP-base_TP-gt": 0,
    "TP-base_FP-gt": 0,
    "gt_concordance": 0,
    "gt_matrix": {}
}