{
    "TP": 120,
    "TN": 3,
    "FP": 6,
    "FN": 0,
    "base P": 121,
    "base N": 8,
    "comp P": 126,
    "comp N": 3,
    "PPV": 0.9523809523809523,
    "TPR": 0.9917355371900827,
    "TNR": 0.375,
    "NPV": 1.0,
    "ACC": 0.9534883720930233,
    "BA": 0.6833677685950413,
    "F1": 0.97165991902834,
    "UND": 0
}