{
    "TP-base": 407,
    "TP-comp": 407,
    "FP": 10,
    "FN": 1,
    "precision": 0.9760191846522782,
    "recall": 0.9975490196078431,
    "f1": 0.9866666666666666,
    "base cnt": 408,
    "comp cnt": 417
}