{
    "TP-base": 322,
    "TP-comp": 322,
    "FP": 32,
    "FN": 64,
    "precision": 0.9096045197740112,
    "recall": 0.8341968911917098,
    "f1": 0.8702702702702703,
    "base cnt": 386,
    "comp cnt": 354,
    "TP-comp_TP-gt": 0,
    "TP-comp_FP-gt": 0,
    "TP-base_TP-gt": 0,
    "TP-base_FP-gt": 0,
    "gt_concordance": 0,
    "gt_matrix": {}
}