{
    "TP-base": 206,
    "TP-comp": 206,
    "FP": 2,
    "FN": 1,
    "precision": 0.9903846153846154,
    "recall": 0.9951690821256038,
    "f1": 0.9927710843373494,
    "base cnt": 207,
    "comp cnt": 208
}