{
    "TP-base": 322,
    "TP-comp": 322,
    "FP": 29,
    "FN": 66,
    "precision": 0.9173789173789174,
    "recall": 0.8298969072164949,
    "f1": 0.871447902571042,
    "base cnt": 388,
    "comp cnt": 351,
    "TP-comp_TP-gt": 0,
    "TP-comp_FP-gt": 0,
    "TP-base_TP-gt": 0,
    "TP-base_FP-gt": 0,
    "gt_concordance": 0,
    "gt_matrix": {}
}