{
    "TP-base": 406,
    "TP-comp": 406,
    "FP": 11,
    "FN": 0,
    "precision": 0.973621103117506,
    "recall": 1.0,
    "f1": 0.9866342648845686,
    "base cnt": 406,
    "comp cnt": 417
}