{
    "TP": 81,
    "TN": 2,
    "FP": 17,
    "FN": 37,
    "base P": 122,
    "base N": 7,
    "comp P": 126,
    "comp N": 3,
    "PPV": 0.6428571428571429,
    "TPR": 0.6639344262295082,
    "TNR": 0.2857142857142857,
    "NPV": 0.6666666666666666,
    "ACC": 0.6434108527131783,
    "BA": 0.4748243559718969,
    "F1": 0.6532258064516129,
    "UND": 0
}