{
    "TP-base": 247,
    "TP-comp": 247,
    "FP": 2,
    "FN": 1,
    "precision": 0.9919678714859438,
    "recall": 0.9959677419354839,
    "f1": 0.993963782696177,
    "base cnt": 248,
    "comp cnt": 249
}