{
    "TP-base": 403,
    "TP-comp": 403,
    "FP": 10,
    "FN": 1,
    "precision": 0.9757869249394673,
    "recall": 0.9975247524752475,
    "f1": 0.9865361077111383,
    "base cnt": 404,
    "comp cnt": 413
}