{
    "TP-base": 405,
    "TP-comp": 405,
    "FP": 12,
    "FN": 1,
    "precision": 0.9712230215827338,
    "recall": 0.9975369458128078,
    "f1": 0.9842041312272175,
    "base cnt": 406,
    "comp cnt": 417
}