{
    "TP": 80,
    "TN": 2,
    "FP": 18,
    "FN": 38,
    "base P": 122,
    "base N": 7,
    "comp P": 126,
    "comp N": 3,
    "PPV": 0.6349206349206349,
    "TPR": 0.6557377049180327,
    "TNR": 0.2857142857142857,
    "NPV": 0.6666666666666666,
    "ACC": 0.6356589147286822,
    "BA": 0.4707259953161592,
    "F1": 0.6451612903225806,
    "UND": 0
}