{
    "TP-base": 390,
    "TP-comp": 390,
    "FP": 69,
    "FN": 201,
    "precision": 0.8496732026143791,
    "recall": 0.6598984771573604,
    "f1": 0.7428571428571428,
    "base cnt": 591,
    "comp cnt": 459,
    "TP-comp_TP-gt": 385,
    "TP-comp_FP-gt": 5,
    "TP-base_TP-gt": 385,
    "TP-base_FP-gt": 5,
    "gt_concordance": 0.9871794871794872,
    "gt_matrix": {
        "(1, 0)": {
            "(0, 1)": 205,
            "(1, 0)": 14,
            "(1, 1)": 1
        },
        "(0, 1)": {
            "(1, 0)": 145,
            "(0, 1)": 12
        },
        "(1, 1)": {
            "(1, 1)": 9,
            "(1, 0)": 2,
            "(0, 1)": 2
        }
    }
}
