{
    "TP-base": 387,
    "TP-comp": 387,
    "FP": 64,
    "FN": 182,
    "precision": 0.8580931263858093,
    "recall": 0.680140597539543,
    "f1": 0.7588235294117646,
    "base cnt": 569,
    "comp cnt": 451,
    "TP-comp_TP-gt": 382,
    "TP-comp_FP-gt": 5,
    "TP-base_TP-gt": 382,
    "TP-base_FP-gt": 5,
    "gt_concordance": 0.9870801033591732,
    "gt_matrix": {
        "(1, 0)": {
            "(0, 1)": 208,
            "(1, 0)": 6
        },
        "(0, 1)": {
            "(1, 0)": 153,
            "(0, 1)": 6,
            "(1, 1)": 1
        },
        "(1, 1)": {
            "(1, 1)": 9,
            "(1, 0)": 2,
            "(0, 1)": 2
        }
    }
}