{
    "TP-base": 387,
    "TP-comp": 387,
    "FP": 64,
    "FN": 200,
    "precision": 0.8580931263858093,
    "recall": 0.6592844974446337,
    "f1": 0.745664739884393,
    "base cnt": 587,
    "comp cnt": 451,
    "TP-comp_TP-gt": 382,
    "TP-comp_FP-gt": 5,
    "TP-base_TP-gt": 382,
    "TP-base_FP-gt": 5,
    "gt_concordance": 0.9870801033591732,
    "gt_matrix": {
        "(1, 0)": {
            "(0, 1)": 203,
            "(1, 0)": 13,
            "(1, 1)": 1
        },
        "(0, 1)": {
            "(1, 0)": 146,
            "(0, 1)": 11
        },
        "(1, 1)": {
            "(1, 1)": 9,
            "(1, 0)": 2,
            "(0, 1)": 2
        }
    },
    "weighted": {
        "sequence": {
            "TP": 500.5166001608595,
            "FP": 39.91689974069595,
            "FN": 87.50939983222634,
            "precision": 0.9261391091633528,
            "recall": 0.8511810705083529,
            "f1": 0.88707942147253,
            "total": 604
        },
        "size": {
            "TP": 485.1211999114603,
            "FP": 44.722199864685535,
            "FN": 102.43430008925498,
            "precision": 0.9155935510689002,
            "recall": 0.8256602140748741,
            "f1": 0.8683044166382059,
            "total": 604
        }
    }
}