{
    "TP-base": 18,
    "TP-comp": 18,
    "FP": 1,
    "FN": 25,
    "precision": 0.9473684210526315,
    "recall": 0.4186046511627907,
    "f1": 0.5806451612903226,
    "base cnt": 43,
    "comp cnt": 19,
    "TP-comp_TP-gt": 0,
    "TP-comp_FP-gt": 18,
    "TP-base_TP-gt": 0,
    "TP-base_FP-gt": 18,
    "gt_concordance": 0.0,
    "gt_matrix": {
        "(0, 1)": {
            "(None, None)": 9
        },
        "(1, 0)": {
            "(None, None)": 3
        },
        "(1, 1)": {
            "(None, None)": 6
        }
    },
    "weighted": {
        "sequence": {
            "TP": 18.588599994778633,
            "FP": 1.9593999981880188,
            "FN": 24.411400005221367,
            "precision": 0.9046427876747761,
            "recall": 0.43229302313438683,
            "f1": 0.5850254924414924,
            "total": 44
        },
        "size": {
            "TP": 18.139900118112564,
            "FP": 2.1082999110221863,
            "FN": 24.860099881887436,
            "precision": 0.8958771689340982,
            "recall": 0.42185814228168755,
            "f1": 0.5736100034390409,
            "total": 44
        }
    }
}