{
    "TP-base": 18,
    "TP-comp": 18,
    "FP": 1,
    "FN": 25,
    "precision": 0.9473684210526315,
    "recall": 0.4186046511627907,
    "f1": 0.5806451612903226,
    "base cnt": 43,
    "comp cnt": 19,
    "TP-comp_TP-gt": 0,
    "TP-comp_FP-gt": 18,
    "TP-base_TP-gt": 0,
    "TP-base_FP-gt": 18,
    "gt_concordance": 0.0,
    "gt_matrix": {
        "(0, 1)": {
            "(None, None)": 9
        },
        "(1, 0)": {
            "(None, None)": 3
        },
        "(1, 1)": {
            "(None, None)": 6
        }
    },
    "weighted": {
        "sequence": {
            "TP": 18.180799916386604,
            "FP": 2.3630000948905945,
            "FN": 24.819200083613396,
            "precision": 0.8849774582310252,
            "recall": 0.42280930038108383,
            "f1": 0.572228916531905,
            "total": 44
        },
        "size": {
            "TP": 18.139900118112564,
            "FP": 2.1082999110221863,
            "FN": 24.860099881887436,
            "precision": 0.8958771689340982,
            "recall": 0.42185814228168755,
            "f1": 0.5736100034390409,
            "total": 44
        }
    }
}