{
    "TP-base": 359,
    "TP-comp": 359,
    "FP": 4,
    "FN": 2,
    "precision": 0.9889807162534435,
    "recall": 0.9944598337950139,
    "f1": 0.9917127071823205,
    "base cnt": 361,
    "comp cnt": 363,
    "TP-comp_TP-gt": 359,
    "TP-comp_FP-gt": 0,
    "TP-base_TP-gt": 359,
    "TP-base_FP-gt": 0,
    "gt_concordance": 1.0,
    "gt_matrix": {
        "(0, 1)": {
            "(1, 0)": 135
        },
        "(1, 0)": {
            "(0, 1)": 177
        },
        "(1, 1)": {
            "(1, 1)": 47
        }
    }
}