{
    "TP-base": 320,
    "TP-comp": 320,
    "FP": 9,
    "FN": 2,
    "precision": 0.9726443768996961,
    "recall": 0.9937888198757764,
    "f1": 0.9831029185867896,
    "base cnt": 322,
    "comp cnt": 329,
    "TP-comp_TP-gt": 320,
    "TP-comp_FP-gt": 0,
    "TP-base_TP-gt": 320,
    "TP-base_FP-gt": 0,
    "gt_concordance": 1.0,
    "gt_matrix": {
        "(0, 1)": {
            "(1, 0)": 125
        },
        "(1, 0)": {
            "(0, 1)": 162
        },
        "(1, 1)": {
            "(1, 1)": 33
        }
    }
}