{
    "TP-base": 379,
    "TP-comp": 379,
    "FP": 7,
    "FN": 3,
    "precision": 0.9818652849740933,
    "recall": 0.9921465968586387,
    "f1": 0.9869791666666666,
    "base cnt": 382,
    "comp cnt": 386,
    "TP-comp_TP-gt": 379,
    "TP-comp_FP-gt": 0,
    "TP-base_TP-gt": 379,
    "TP-base_FP-gt": 0,
    "gt_concordance": 1.0,
    "gt_matrix": {
        "(0, 1)": {
            "(1, 0)": 143
        },
        "(1, 0)": {
            "(0, 1)": 184,
            "(1, 0)": 1
        },
        "(1, 1)": {
            "(1, 1)": 51
        }
    },
    "weighted": {
        "sequence": {
            "TP": 384.0702000260353,
            "FP": 4.3610000014305115,
            "FN": 0.5952999591827393,
            "precision": 0.9887727865291919,
            "recall": 0.9984524217555106,
            "f1": 0.9935890297287107,
            "total": 389
        },
        "size": {
            "TP": 384.2482999712229,
            "FP": 4.497000023722649,
            "FN": 0.2547000050544739,
            "precision": 0.9884320144223451,
            "recall": 0.9993375864295723,
            "f1": 0.9938548846095698,
            "total": 389
        }
    }
}