{
    "TP-base": 381,
    "TP-comp": 381,
    "FP": 4,
    "FN": 2,
    "precision": 0.9896103896103896,
    "recall": 0.9947780678851175,
    "f1": 0.9921875,
    "base cnt": 383,
    "comp cnt": 385,
    "TP-comp_TP-gt": 381,
    "TP-comp_FP-gt": 0,
    "TP-base_TP-gt": 381,
    "TP-base_FP-gt": 0,
    "gt_concordance": 1.0,
    "gt_matrix": {
        "(0, 1)": {
            "(1, 0)": 145
        },
        "(1, 0)": {
            "(0, 1)": 184
        },
        "(1, 1)": {
            "(1, 1)": 52
        }
    },
    "weighted": {
        "sequence": {
            "TP": 382.03810000419617,
            "FP": 3.716600000858307,
            "FN": 1.2736999988555908,
            "precision": 0.9903653798623592,
            "recall": 0.9966771176915361,
            "f1": 0.9935112243223944,
            "total": 387
        },
        "size": {
            "TP": 382.14099998772144,
            "FP": 3.820500001311302,
            "FN": 1.0385000109672546,
            "precision": 0.990101344301388,
            "recall": 0.9972897819142965,
            "f1": 0.9936825627390087,
            "total": 387
        }
    }
}