{
    "TP-base": 380,
    "TP-comp": 380,
    "FP": 15,
    "FN": 2,
    "precision": 0.9620253164556962,
    "recall": 0.9947643979057592,
    "f1": 0.9781209781209782,
    "base cnt": 382,
    "comp cnt": 395,
    "TP-comp_TP-gt": 380,
    "TP-comp_FP-gt": 0,
    "TP-base_TP-gt": 380,
    "TP-base_FP-gt": 0,
    "gt_concordance": 1.0,
    "gt_matrix": {
        "(0, 1)": {
            "(1, 0)": 146
        },
        "(1, 0)": {
            "(0, 1)": 184
        },
        "(1, 1)": {
            "(1, 1)": 50
        }
    }
}