{
    "TP-base": 269,
    "TP-comp": 269,
    "FP": 9,
    "FN": 7,
    "precision": 0.9676258992805755,
    "recall": 0.9746376811594203,
    "f1": 0.9711191335740073,
    "base cnt": 276,
    "comp cnt": 278,
    "TP-comp_TP-gt": 268,
    "TP-comp_FP-gt": 1,
    "TP-base_TP-gt": 268,
    "TP-base_FP-gt": 1,
    "gt_concordance": 0.9962825278810409,
    "gt_matrix": {
        "(0, 1)": {
            "(1, 0)": 106,
            "(0, 1)": 1,
            "(1, 1)": 1
        },
        "(1, 0)": {
            "(0, 1)": 136,
            "(1, 0)": 2
        },
        "(1, 1)": {
            "(1, 1)": 23
        }
    }
}
