{
    "TP-base": 361,
    "TP-comp": 361,
    "FP": 5,
    "FN": 2,
    "precision": 0.9863387978142076,
    "recall": 0.9944903581267218,
    "f1": 0.9903978052126201,
    "base cnt": 363,
    "comp cnt": 366,
    "TP-comp_TP-gt": 361,
    "TP-comp_FP-gt": 0,
    "TP-base_TP-gt": 361,
    "TP-base_FP-gt": 0,
    "gt_concordance": 1.0,
    "gt_matrix": {
        "(0, 1)": {
            "(1, 0)": 136
        },
        "(1, 0)": {
            "(0, 1)": 178
        },
        "(1, 1)": {
            "(1, 1)": 47
        }
    }
}