{
    "TP": 41,
    "TN": 0,
    "FP": 19,
    "FN": 26,
    "base P": 73,
    "base N": 9,
    "comp P": 81,
    "comp N": 1,
    "PPV": 0.5061728395061729,
    "TPR": 0.5616438356164384,
    "TNR": 0.0,
    "NPV": 0.0,
    "ACC": 0.5,
    "BA": 0.2808219178082192,
    "F1": 0.5324675324675325,
    "UND": 0
}