{
    "TP-base": 439,
    "TP-comp": 409,
    "FP": 42,
    "FN": 130,
    "precision": 0.9068736141906873,
    "recall": 0.7715289982425307,
    "f1": 0.8337442826960135,
    "base cnt": 569,
    "comp cnt": 451
}