{
    "TP": 22,
    "TN": 0,
    "FP": 24,
    "FN": 58,
    "base P": 83,
    "base N": 9,
    "comp P": 91,
    "comp N": 1,
    "PPV": 0.24175824175824176,
    "TPR": 0.26506024096385544,
    "TNR": 0.0,
    "NPV": 0.0,
    "ACC": 0.2391304347826087,
    "BA": 0.13253012048192772,
    "F1": 0.25287356321839083,
    "UND": 0
}