{
    "TP-base": 422,
    "TP-comp": 416,
    "FP": 38,
    "FN": 129,
    "precision": 0.9162995594713657,
    "recall": 0.7658802177858439,
    "f1": 0.8343646923508332,
    "base cnt": 551,
    "comp cnt": 454
}