{
    "TP-base": 465,
    "TP-comp": 411,
    "FP": 40,
    "FN": 104,
    "precision": 0.9113082039911308,
    "recall": 0.8172231985940246,
    "f1": 0.861705149535365,
    "base cnt": 569,
    "comp cnt": 451
}