{
    "TP-base": 477,
    "TP-comp": 414,
    "FP": 37,
    "FN": 92,
    "precision": 0.917960088691796,
    "recall": 0.8383128295254832,
    "f1": 0.876330451105298,
    "base cnt": 569,
    "comp cnt": 451
}