{
    "TP-base": 452,
    "TP-comp": 452,
    "FP": 43,
    "FN": 95,
    "precision": 0.9131313131313131,
    "recall": 0.8263254113345521,
    "f1": 0.8675623800383877,
    "base cnt": 547,
    "comp cnt": 495
}