{
    "TP-base": 411,
    "TP-comp": 411,
    "FP": 39,
    "FN": 107,
    "precision": 0.9133333333333333,
    "recall": 0.7934362934362934,
    "f1": 0.8491735537190082,
    "base cnt": 518,
    "comp cnt": 450
}