{
    "TP": 19,
    "TN": 10,
    "FP": 17,
    "FN": 58,
    "base P": 78,
    "base N": 14,
    "comp P": 81,
    "comp N": 11,
    "PPV": 0.2345679012345679,
    "TPR": 0.24358974358974358,
    "TNR": 0.7142857142857143,
    "NPV": 0.9090909090909091,
    "ACC": 0.31521739130434784,
    "BA": 0.47893772893772896,
    "F1": 0.2389937106918239,
    "UND": 0
}