{
    "TP-base": 451,
    "TP-comp": 451,
    "FP": 42,
    "FN": 97,
    "precision": 0.9148073022312373,
    "recall": 0.822992700729927,
    "f1": 0.8664745437079732,
    "base cnt": 548,
    "comp cnt": 493
}