{
    "TP": 15,
    "TN": 6,
    "FP": 25,
    "FN": 58,
    "base P": 76,
    "base N": 16,
    "comp P": 85,
    "comp N": 7,
    "PPV": 0.17647058823529413,
    "TPR": 0.19736842105263158,
    "TNR": 0.375,
    "NPV": 0.8571428571428571,
    "ACC": 0.22826086956521738,
    "BA": 0.2861842105263158,
    "F1": 0.1863354037267081,
    "UND": 0
}