{
    "TP": 22,
    "TN": 0,
    "FP": 24,
    "FN": 48,
    "base P": 73,
    "base N": 9,
    "comp P": 81,
    "comp N": 1,
    "PPV": 0.2716049382716049,
    "TPR": 0.3013698630136986,
    "TNR": 0.0,
    "NPV": 0.0,
    "ACC": 0.2682926829268293,
    "BA": 0.1506849315068493,
    "F1": 0.2857142857142857,
    "UND": 0
}