{
    "TP": 40,
    "TN": 1,
    "FP": 27,
    "FN": 28,
    "base P": 72,
    "base N": 10,
    "comp P": 80,
    "comp N": 2,
    "PPV": 0.5,
    "TPR": 0.5555555555555556,
    "TNR": 0.1,
    "NPV": 0.5,
    "ACC": 0.5,
    "BA": 0.3277777777777778,
    "F1": 0.5263157894736842,
    "UND": 0
}