{
    "TP": 17,
    "TN": 6,
    "FP": 23,
    "FN": 58,
    "base P": 76,
    "base N": 16,
    "comp P": 85,
    "comp N": 7,
    "PPV": 0.2,
    "TPR": 0.2236842105263158,
    "TNR": 0.375,
    "NPV": 0.8571428571428571,
    "ACC": 0.25,
    "BA": 0.2993421052631579,
    "F1": 0.2111801242236025,
    "UND": 0
}