{
    "TP": 149,
    "TN": 45,
    "FP": 27,
    "FN": 18,
    "base P": 170,
    "base N": 54,
    "comp P": 178,
    "comp N": 46,
    "PPV": 0.8370786516853933,
    "TPR": 0.8764705882352941,
    "TNR": 0.8333333333333334,
    "NPV": 0.9782608695652174,
    "ACC": 0.8660714285714286,
    "BA": 0.8549019607843138,
    "F1": 0.8563218390804598,
    "UND": 0
}