{
    "TP-base": 452,
    "TP-comp": 452,
    "FP": 43,
    "FN": 107,
    "precision": 0.9131313131313131,
    "recall": 0.8085867620751341,
    "f1": 0.857685009487666,
    "base cnt": 559,
    "comp cnt": 495
}