{
    "TP-base": 408,
    "TP-comp": 408,
    "FP": 35,
    "FN": 108,
    "precision": 0.9209932279909706,
    "recall": 0.7906976744186046,
    "f1": 0.8508863399374348,
    "base cnt": 516,
    "comp cnt": 443
}