{
    "TP-base": 404,
    "TP-comp": 404,
    "FP": 37,
    "FN": 112,
    "precision": 0.9160997732426304,
    "recall": 0.7829457364341085,
    "f1": 0.8443051201671891,
    "base cnt": 516,
    "comp cnt": 441
}