{
    "TP-base": 386,
    "TP-comp": 386,
    "FP": 65,
    "FN": 201,
    "precision": 0.8558758314855875,
    "recall": 0.6575809199318569,
    "f1": 0.7437379576107899,
    "base cnt": 587,
    "comp cnt": 451,
    "TP-comp_TP-gt": 381,
    "TP-comp_FP-gt": 5,
    "TP-base_TP-gt": 381,
    "TP-base_FP-gt": 5,
    "gt_concordance": 0.9870466321243523,
    "gt_matrix": {
        "(1, 0)": {
            "(0, 1)": 202,
            "(1, 0)": 14,
            "(1, 1)": 1
        },
        "(0, 1)": {
            "(1, 0)": 144,
            "(0, 1)": 12
        },
        "(1, 1)": {
            "(1, 1)": 9,
            "(1, 0)": 2,
            "(0, 1)": 2
        }
    },
    "weighted": {
        "sequence": {
            "TP": 499.5751000037417,
            "FP": 40.96859994530678,
            "FN": 88.45089998934418,
            "precision": 0.9242085330951624,
            "recall": 0.849579950562757,
            "f1": 0.8853243180804102,
            "total": 604
        },
        "size": {
            "TP": 485.18840003572404,
            "FP": 44.582299776375294,
            "FN": 102.36709996499121,
            "precision": 0.9158460447280533,
            "recall": 0.8257745864605699,
            "f1": 0.8684812011335767,
            "total": 604
        }
    }
}