{
    "TP-base": 387,
    "TP-comp": 387,
    "FP": 64,
    "FN": 200,
    "precision": 0.8580931263858093,
    "recall": 0.6592844974446337,
    "f1": 0.745664739884393,
    "base cnt": 587,
    "comp cnt": 451,
    "TP-comp_TP-gt": 382,
    "TP-comp_FP-gt": 5,
    "TP-base_TP-gt": 382,
    "TP-base_FP-gt": 5,
    "gt_concordance": 0.9870801033591732,
    "gt_matrix": {
        "(1, 0)": {
            "(0, 1)": 202,
            "(1, 0)": 14,
            "(1, 1)": 1
        },
        "(0, 1)": {
            "(1, 0)": 145,
            "(0, 1)": 12
        },
        "(1, 1)": {
            "(1, 1)": 9,
            "(1, 0)": 2,
            "(0, 1)": 2
        }
    },
    "weighted": {
        "sequence": {
            "TP": 503.5764002194628,
            "FP": 38.596499651670456,
            "FN": 84.44959977362305,
            "precision": 0.9288114554216113,
            "recall": 0.8563845820174345,
            "f1": 0.8911288097696113,
            "total": 604
        },
        "size": {
            "TP": 485.95460002683103,
            "FP": 44.582299776375294,
            "FN": 101.60089997388422,
            "precision": 0.9159675796482538,
            "recall": 0.8270786334673736,
            "f1": 0.8692566018909569,
            "total": 604
        }
    }
}