{
    "TP-base": 386,
    "TP-comp": 386,
    "FP": 15,
    "FN": 2,
    "precision": 0.9625935162094763,
    "recall": 0.9948453608247423,
    "f1": 0.9784537389100127,
    "base cnt": 388,
    "comp cnt": 401,
    "TP-comp_TP-gt": 386,
    "TP-comp_FP-gt": 0,
    "TP-base_TP-gt": 386,
    "TP-base_FP-gt": 0,
    "gt_concordance": 1.0,
    "gt_matrix": {
        "(0, 1)": {
            "(1, 0)": 148
        },
        "(1, 0)": {
            "(0, 1)": 185,
            "(1, 0)": 1
        },
        "(1, 1)": {
            "(1, 1)": 52
        }
    }
}